[
  {
    "id": 1,
    "name": "Jutta Bertram",
    "lehrgebiete": "Lehrgebiete: Inhaltliche Erschließung, Empirische Nutzerforschung, Informationsethik",
    "arbeitsgebiete": "Arbeitsgebiete: Nutzerforschung, Informationsethik, Techniken wissenschaftlichen Arbeitens",
    "aug": "Aktivitäten und Grämien: Durchführung einer Befragung der Absolventinnen und Absolventen des Studiengangs Informationsmanagement, Mitglied der Studienkommission IK der Fakultät 3 der Hochschule Hannover",
    "image": "https://uploads.codesandbox.io/uploads/user/71b567a4-b9a2-4e8b-87e5-39c46b36743f/piCo-JuttaBertram.jpeg"
  },
  {
    "name": "Prof. Dr. Gudrun Behm-Steidel",
    "lehrgebiete": "Lehrgebiete: Bibliotheks- und Informationsmanagement, Wissensmanagement",
    "arbeitsgebiete": "Arbeitsgebiete: Koordination des Weiterbildungsmasters Informations- und Wissensmanagement,Management interner Informationseinrichtungen",
    "aug": "Aktivitäten und Grämien: Koordination des Masterprogramms Informations- und Wissensmanagement, Betreuung des Studienschwerpunktes „Interne Informationseinrichtungen“ Betreuung des Studienschwerpunktes „Wissenschaftliche Bibliotheken“, Mitglied Fakultätsrat (2015-), Vorsitz Auswahlkommission Master Informations- und Wissensmanagement",
    "image": "https://uploads.codesandbox.io/uploads/user/71b567a4-b9a2-4e8b-87e5-39c46b36743f/dApX-GudrunBehmSteidel.jpeg"
  },
  {
    "name": "Prof. Dr. Peter Wübbelt",
    "lehrgebiete": "Lehrgebiete: Angewandte Informatik",
    "arbeitsgebiete": "Arbeitsgebiete: Angewandte Informatik, Medizinische Dokumentation",
    "aug": "Aktivitäten und Grämien: Vorsitz des Prüfungsausschusses",
    "image": "https://uploads.codesandbox.io/uploads/user/71b567a4-b9a2-4e8b-87e5-39c46b36743f/piCo-JuttaBertram.jpeg"
  },
  {
    "name": "Dr. Ina Blümel",
    "lehrgebiete": "Lehrgebiete: e-Science / e-Government, Forschungsinformation, Informationsinfrastrukturen, Open Access & Open Data, Semantic Web",
    "arbeitsgebiete": "Arbeitsgebiete: Digitale Forschungsinfrastrukturen, Digitale Bibliotheken",
    "aug": "Aktivitäten und Grämien: Forschungscluster Smart Data Analytics, Senatskommission Internationalisierung, Projekt Internationales Informationsmanagement",
    "image": "https://uploads.codesandbox.io/uploads/user/71b567a4-b9a2-4e8b-87e5-39c46b36743f/piCo-JuttaBertram.jpeg"
  },
  {
    "name": "Silke Clausing, Dipl.-Bibl. (FH), M.A. ",
    "lehrgebiete": "Lehrgebiete: Grundlagen der Erschließung, Formalerschließung, Bibliotheksverwaltungssystem PICA",
    "aug": "Aktivitäten und Grämien: Gast in der Unterarbeitsgruppe Monografien des Gemeinsamen Bibliotheksverbundes (GBV), Mitglied in der Arbeitsgruppe K10plus des Gemeinsamen Bibliotheksverbundes (GBV) und des Südwestdeutschen Bibliotheksverbundes (SWB), Organisation des 10. BibCamps 2017 (#bib10), das am 16. und 17. Juni 2017 an der Hochschule Hannover stattgefunden hat",
    "image": "https://uploads.codesandbox.io/uploads/user/71b567a4-b9a2-4e8b-87e5-39c46b36743f/piCo-JuttaBertram.jpeg"
  },
  {
    "name": "Monika Maßmeyer, Dipl.-Dok. (FH)",
    "lehrgebiete": "Lehrgebiete: Recherchegrundlagen, Recherche wissenschaftlicher Informationen, Mediengerechte Textproduktion, Dienstleistungen und Produkte von Informationseinrichtungen, Angewandte Recherchemethoden",
    "arbeitsgebiete": "Arbeitsgebiete: Recherche Schwerpunkt Wirtschaft, Interne Informationseinrichtungen",
    "image": "https://uploads.codesandbox.io/uploads/user/71b567a4-b9a2-4e8b-87e5-39c46b36743f/piCo-JuttaBertram.jpeg"
  },
  {
    "name": "Dr. Anke Wittich",
    "lehrgebiete": "Lehrgebiete: Wissenskommunikation, Management von Informationssystemen, Wissenschaftliche Arbeitstechniken, Informationskompetenz, Theorie und Konzepte Wissensmanagement",
    "aug": "Aktivitäten und Grämien: Koordination des Studiengangs Informationsmanagement – berufsbegleitend, Regionalkoordinatorin Hannover der GfWM im Austauschforum Wissensmanagement in Kooperation mit der Region Hannover",
    "image": "https://uploads.codesandbox.io/uploads/user/71b567a4-b9a2-4e8b-87e5-39c46b36743f/piCo-JuttaBertram.jpeg"
  },
  {
    "name": "Sina Marie Köhler",
    "lehrgebiete": "Lehrgebiete: Grundlagen des Informationsrechts, Recht für medizinische Dokumentare",
    "image": "https://uploads.codesandbox.io/uploads/user/71b567a4-b9a2-4e8b-87e5-39c46b36743f/piCo-JuttaBertram.jpeg"
  },
  {
    "name": "Dr. Peter Stettner",
    "lehrgebiete": "Lehrgebiete: AV-Medien",
    "arbeitsgebiete": "Arbeitsgebiete: Leitung des Filminstituts Hannover",
    "image": "https://uploads.codesandbox.io/uploads/user/71b567a4-b9a2-4e8b-87e5-39c46b36743f/piCo-JuttaBertram.jpeg"
  },
  {
    "name": "Prof. Dr. Sönke Lieberam-Schmidt",
    "lehrgebiete": "Lehrgebiete: Betriebswirtschaftslehre im Informationsmanagement, Wissensmanagement",
    "arbeitsgebiete": "Arbeitsgebiete: Wissensmanagement in Unternehmen, Web-Suchmaschinen, Social Enterprise, Geschäftsprozess-Optimierung, Unternehmensberatung",
    "image": "https://uploads.codesandbox.io/uploads/user/71b567a4-b9a2-4e8b-87e5-39c46b36743f/piCo-JuttaBertram.jpeg"
  },
  {
    "name": "Prof. Dr. Fabian Schmieder",
    "lehrgebiete": "Lehrgebiete: Medienrecht, Zivilrecht, Datenschutzrecht, Urheberrecht",
    "arbeitsgebiete": "Arbeitsgebiete: Urheberrecht, Datenschutzrecht, Informationstechnologierecht",
    "image": "https://uploads.codesandbox.io/uploads/user/71b567a4-b9a2-4e8b-87e5-39c46b36743f/piCo-JuttaBertram.jpeg"
  },
  {
    "name": "Prof. Dr. Thomas J. Schult",
    "lehrgebiete": "Lehrgebiete: Angewandte Informatik mit Schwerpunkt Neue Medien",
    "arbeitsgebiete": "Arbeitsgebiete: Web-Entwicklung, Content-Management-Systeme, E-Learning, Enterprise Social Networks, Usability, Krankenhausvergleichsportale",
    "aug": "Aktivitäten und Grämien: Freier journalistischer Mitarbeiter u.a. der Zeitschriften c’t und ix, Visiting Scholar, University of Sydney (2006), University of California at Berkeley (2012-2013), Koordination der Studierendenprojekte der Studiengänge Informationsmanagement und Medizinisches Informationsmanagement, Koordination der Studieneingangsphase für Geflüchtete (Projekt Internationales Informationsmanagement)",
    "image": "https://uploads.codesandbox.io/uploads/user/71b567a4-b9a2-4e8b-87e5-39c46b36743f/piCo-JuttaBertram.jpeg"
  },
  {
    "name": "Prof. Dr.-Ing. Monika Steinberg",
    "lehrgebiete": "Lehrgebiete: Informationsmanagement audiovisueller und multimedialer, Content",
    "arbeitsgebiete": "Arbeitsgebiete: Digitale Medien, Webentwicklung, Multimedia, Interaktion/UX, Interaktive Systeme, Wissensmodellierung",
    "aug": "Aktivitäten und Grämien: Projektleitung QpLuS IM, Studiengang Informationsmanagement, Mitglied im Fakultätsrat der Fakultät III – Abteilung IK, Dezentrale Gleichstellungsbeauftragte der Fakultät III – Abteilung IK, Gründung und Leitung des Web-Engineering-Labors der Fakultät III – Abteilung IK, Gründung und Leitung der Zwoeinsnull Media – Web und Consulting Agentur, Mitarbeit bei t3n, Bereich Webentwicklung, http: //t3n.de/profile/msteinberg",
    "image": "https://uploads.codesandbox.io/uploads/user/71b567a4-b9a2-4e8b-87e5-39c46b36743f/piCo-JuttaBertram.jpeg"
  },
  {
    "name": "Prof. Dr. Christian Wartena",
    "lehrgebiete": "Lehrgebiete: Sprach- und Wissensverarbeitung",
    "arbeitsgebiete": "Arbeitsgebiete: Lexikalische Semantik",
    "aug": "Aktivitäten und Grämien: Studiengangskoordinator Informationsmanagement, Mitglied im Fakultätsrat (2013-2017), Mitglied in der Studienkommission der Abteilung IK (seit 2015), Vorsitzender der Berufungskommisssion K160 (Informationretrieval und Digitale Bibliothek)",
    "image": "https://uploads.codesandbox.io/uploads/user/71b567a4-b9a2-4e8b-87e5-39c46b36743f/piCo-JuttaBertram.jpeg"
  }
]
